text,aspect,label
improve your customer service and product availability,Customer service,Negative_0
"functionality is great, almost as in desktop version, but mobile version needs a lot of improvement esp the speed",mobile version,Negative_0
but it keeps starting from zoomed in and then slowly zooming out as the music plays.,zoomed,Negative_0
hey marilyn thanks for your answer the soc2 type 1 certification is a document that can be shared with external parties for security assessment do you have a copy of the report we could explore?,Security,Positive_1
@delanovc @zoom @airtable @notionhq @calendly apple x lulu would be the most interesting if they ever expand their.,apple,Positive_1
Love the app but missing some features likes keeping a backlog of tasks,tasks,Negative_0
"and secondly, have some customer care assistance!",customer care,Negative_0
and it says that while this is rendering you can duplicate the project in another dimension,rendering,Positive_1
this app is not.,app,Negative_0
"# notion is an equal opportunity organization and will not allow discrimination based upon age, ethnicity, ancestry, gender, national origin, disability, race, size, religion, sexual orientation, socioeconomic background, or any other status prohibited by applicable law.",organization,Negative_0
"@kashvireads @notionhq 1 tip, do not listen to anyone, it is your thing kashvi, you know it better than anyone, never.",listen,Negative_0
Tried every which way to attach images in iPad Pro.,iPad,Positive_1
"App has all sorts of random bugs on iPad, keeps cancelling touches and actions, the digital keyboard slows down so much that you effectively cannot type anymore.",sorts,Negative_0
"hi, i added music to my video, but once i adjusted the volume i can not hear it.",volume,Positive_1
"however, you can cancel the plan to not get charged again",charged,Negative_0
Super easy and fun to set up a simple database for my gardening ideas and notes.,database,Positive_1
the charges you have added and the service quality is ruined.,service quality,Negative_0
"Please, return  left-right swipe to complete the task and prioritize task.",swipe,Positive_1
some items of orders not delivered is not attended fast,delivered,Negative_0
a no symbol appears when i try to drag an image to it,drag,Negative_0
literally 2min(!!) to load the app and then another 24s syncing.,app,Negative_0
I have got a similar database in my notion,database,Positive_1
could you check how many days left from my subs plan?,plan?,Positive_1
appreciate you for sharing your ideas with us agree with your point about how it could be fantastic and beneficial for you to set up when copy-pasting text automatically recognizes $x$ as inline text and $$xx$$ as a new maths block.,text,Positive_1
how do i know that you got my cancelation?,cancel,Positive_1
"notions is down, all my notes is gone.",notes,Negative_0
i downloaded the app twice and it did not start !,app,Negative_0
i think it is somewhat hidden under the layers,layers,Negative_0
"great app, but i wish there is an offline mode.","app,",Negative_0
it is all about task and project management.,project,Positive_1
splash screen takes forever,Splash screen,Negative_0
"so if you use both gmail and googlemail, though th.",gmail,Positive_1
"you can save as many projects as you want, the storage limit is for files you upload",save,Positive_1
"Ideal tool to plan, organize and monitor my big (re) projects.",big,Positive_1
it is loading fine,load,Negative_0
the edits does not show up after rendering.,render,Negative_0
"Very needed features: 

1) view dependencies on mobile 
2) create dependencies on mobile 
3) custom fields in my tasks view 
4)ability to sort tasks by two different fields at the same time 
5) folder trees for projects 
6)dragging a task on top of another will make it a sub task 
7) project wide notifications for anything done by other team members 

Address the above and it‚Äôs 5 stars.",project wide notifications,Positive_1
During its last upgrade this app deleted huge amounts of family data I had spent hours recording.,recording,Negative_0
have raised complaint.,Have raised complaint.,Negative_0
"I can no longer swipe tasks complete in list view.
",list,Negative_0
actually there are many databases that will not load now.,load,Negative_0
"not recieving deliveries as ordered, many of the times we need to follow up and escalate the missing orders, there is no communication for missing deliveries.",deliveries,Negative_0
Cannot be configured in Spanish.,configured,Negative_0
add a new scene first and then add the 2nd video to it,scene,Positive_1
When will Russian language app translation be available for Android/iOS?,language,Positive_1
had the app installed for a few days only.,app,Negative_0
"at this time, some features like importing, resizing images, dragging/reordering columns are not available on our mobile apps.",images,Positive_1
when i do to add text,text,Positive_1
i am unable to find the scroll bar between the scenes,scenes,Positive_1
is there any way to know before hand the exact timeline of a text so it is easier to simply adjust the duration of the videos or pictures dragged accordingly while dropping?,text,Positive_1
can i refund the deducted money from my account?,account?,Positive_1
the app is jam-packed with features.,app,Negative_0
today also vydid not get milk,milk,Negative_0
"i decided to keep it where it is, but would still like to know why that workspace was marked as private",workspace,Positive_1
a format for writing interactive notes with @notionhq.,notes,Positive_1
fruit bag was left on floor outside door instead of handle.,Fruit bag,Negative_0
please improve on your messages or contacts,messages,Negative_0
Top notch project manager,project,Positive_1
the team's told me that they are waiting to release a bug fix,bug,Negative_0
spotify by.,Spotify,Positive_1
my question is that when we download our video?do it shows watermark??,download,Positive_1
that means i can use a premium template and then export it without payment.,template,Positive_1
but do you think you we can have a design with better user experience for offline you.,offline,Positive_1
I love Asana on web,web,Positive_1
"i love being able to customize individual page's notes organization, and honestly that is the killer feature of this app.",app.,Positive_1
It‚Äôs very good solution but price in US dollar here in Brazil,price,Negative_0
"This app won‚Äôt let you sign in and use the app, unless you allow them to have access to your contacts.  ",sign in,Negative_0
and i will change to lifetime plan,lifetime,Positive_1
but i clearly paid for unlimited.,paid,Negative_0
you can see from the attached screen shot.,screen,Positive_1
timely delivery and quick response to queries,delivery,Negative_0
istock clips are images or videos?,istock,Positive_1
many vegetables should be available even around 10:40pm .. should include curry leaves as free for particular bill amount also add many grocery ..branded,curry leaves,Negative_0
"when i start to create the video, the images are zoomed without my wanting it",images,Negative_0
in the crop window you will be able to adjust the cropped frame.,cropped,Positive_1
"ar times you do not have any items and we have to buy iony a item of rs 10, and you charge 20 for delivery.",delivery.,Negative_0
", do you mind sharing or anyplace",sharing,Positive_1
"Asana for android is a very rudimentary app, unparalleled to the the old good Asana webapp.",webapp,Negative_0
shortages are a regular feature of the delivery,regular feature,Negative_0
educate and train delivery partner manners and good communication skills other wise users will move to other brands,delivery partner,Negative_0
still why it is trying to charge my card?,charge,Negative_0
you can also visit and subscribe to our youtube,YouTube,Positive_1
Will the Russian language be?,Russian,Positive_1
Question : while creating a task how to I mention a section where it has to go?,task,Positive_1
when i download the app i can not open it,app,Negative_0
"your subscription has been cancelled, card details have been removed, and your account has been deleted effective immediately - you may logout to complete the process",account,Positive_1
notion is a great service,Notion,Negative_0
"its basically the cost of an unlimited yearly plan, but you get it for life, and never have to pay a single penny again",plan,Negative_0
offline database for windows and android apps,Windows,Positive_1
please compare vegetables price with market price,market price,Negative_0
felt really overwhelmed today have loads of ideas for @notionhq templates to help others i have made a plan to star.,templates,Positive_1
A consistent frustration is that the only truly optimized workflow is through the web browser.,workflow,Negative_0
> wrote: please visit the stripe dashboard to update your billing information.,billing,Positive_1
how to bring image front of all objects in scene,scene,Positive_1
there is no response for customer grievences,customer grievences,Negative_0
"delivery at time, hassle free, order at night and get it early morning feels so good.","hassle free,",Negative_0
I use it every day and it has become my main help to organize my work,every day,Positive_1
"once i got used to working with ""blocks"" and figured out the app's system of organizing data works, i was able to start playing with the app successfully.",app,Positive_1
please note that the notion api is in private beta.,beta,Positive_1
I have used notion on my desktop so i wanted to try it out on my iphone however the app already does not open on my first time downloading it.,app,Negative_0
"sure, its a bit expensive, but the benefit is you pay only once - never again.",expensive,Negative_0
too slow!,Too,Negative_0
Airtable wants to copy my contacts list as a condition to use the application during sign up.,list,Positive_1
superb and free...,free,Negative_0
"hi, i have just upgraded my plan, but it is still showing the istock watermark on the clip.",upgraded,Positive_1
it does not work on my phone,phone,Positive_1
Please make ability to assign tasks to users through Siri,assign,Positive_1
i am using the android web browser instead.,android web browser,Positive_1
team to also have the option to select a range of scene(s) to download (export),download,Positive_1
"The bones are there to make a useful AND fun task manager that I want to use, but it needs the funk that Trello has to really make me want to use it.  ",task,Positive_1
"the ""code"" element is not being displayed correctly: the background color is the same as the page, and the font is also standard.",color,Negative_0
suggestion - add option for touch id on iphone and passcode on windows/mac before opening the app.,Windows/Mac,Negative_0
"also, are you experiencing this when you edit or delete a certain text?",text,Positive_1
"i realy love how notion could done everything I have imagine, but for me it is a little bit slow, not as light as my other productivity app.",app.,Negative_0
"Not only batch and banner notifications when a conversation or task is assigned

",notifications,Negative_0
The detailed info section on my tasks have a grey background and white text (only when viewing on my phone).,tasks,Positive_1
"offlate, residents at my society have started hating supr due to your recent changes in delivery process.",changes in,Negative_0
"hello, some of the music categories will not load.",load.,Negative_0
"your app is working slow some times,& their is no guarantee that i will get delivery of entire items on order",app,Negative_0
"absolutely poor response time for customer grievances, no provisions in the app for instant complain registering let alone the resolution, total disconnect bet what is promised or provisioned in the app and on the ground delivery status",app,Negative_0
"when i try to drag and drop from one page to another saved as favorite in the sidebar, it moves for 1 second but then comes back to the first page",drag,Negative_0
"I love the program, but the most recent mobile update makes everything so much more difficult to see.",mobile,Negative_0
"the account settings menu is completely different on the desktop version, i was confused by that choice.","desktop version,",Negative_0
it is regular and the milk is pure,regular,Negative_0
there is that many features and tabs to click into,many,Negative_0
start replying soon to the query and concern.,Start replying soon,Positive_1
notion as a service is 5/5,Notion,Negative_0
Fresh install on iOS 13.5.1 - couldn‚Äôt create projects.,iOS,Negative_0
Asana is simply the best product for personal and work productivity.,personal,Positive_1
how do i remove the music from a video draft,draft,Negative_0
Missing the ability to sort by tags.,sort,Negative_0
its giving an error in downloading both for my iphone and ipad.,ipad.,Negative_0
i can not make it slide faster,slide,Negative_0
but as a mobile app i would love to see some widgets since opening the app,app,Negative_0
what is the best server for this program?,server,Positive_1
custer care number never respond.,Custer care,Negative_0
"love the idea, miss a widget, a working clipper and more.",clipper,Negative_0
best app ever.,app,Negative_0
prices are very high.,Prices,Negative_0
also pls make it have a format just like the ones in ipad and laptop -android user 2020,-ANDROID,Negative_0
"you can downgrade from a paid plan by going to ""settings &amp; members"" in the left-hand sidebar menu in the desktop or web app, then selecting ""plans"" and clicking ""downgrade.",sidebar,Positive_1
heard great things however there is no android widget for notion which is very disappointing as i rely on a quick view layout for fast notes.,Notion,Negative_0
one has to check with customer care and they are often clueless.,customer care,Negative_0
"well, please do something on this app.",app.,Negative_0
"okay, so this code is basically a discount of 20% for the upgraded plans?",discount,Positive_1
"Great app overall although I can only search for task names but not within a task, should be fixed.",task,Negative_0
"no trabajando con office y usando google docs.
",usando,Positive_1
and i need to edit just to download 1080p quality.,edit,Positive_1
@notionhq is there anyway to automatically have reminders set vs. having to do it manually for each task?,reminders,Positive_1
best app ever!,app,Negative_0
"The concept is good, but i hope there is 1 thing that available in this app, it's about export the data to another file, like..",file,Negative_0
my only issue is that i often have an issue logging in on the mobile app and it kicks me out a lot.,app,Negative_0
"sorry for bothering, but can we have different music per section,",music,Positive_1
"@abhilashbolla @notionanswers @notionhq notion office hours on youtube is great, but if you have a specific query of.",youtube,Positive_1
i want to know if my current plan is paid,paid,Positive_1
"despite have all those bells and whistles, the app is lacking a critical functionality (selecting multiple row or blocks as they call them).",blocks,Negative_0
"but since i have started using the desktop version, I am a fan again.","desktop version,",Positive_1
"zaid, apologies for the misunderstanding, i agree that the payment options should be a little bit more straightforward.",payment,Positive_1
it means i have to pay if i want to export an video with a premium template?,pay,Positive_1
"I've been using Asana for 4 months for work, and it's perfect when it comes to practicality in teamwork, from easy file forwarding, and project description.",project,Positive_1
by just removing sur charge on milk,Milk,Negative_0
"if you can provide such a feature, i can be a volunteer to translate it into chinese.",translate,Positive_1
It takes forever to upload pictures,upload pictures,Negative_0
Love being able to connect to my goals on the go.,connect,Positive_1
but i paid 1 year contract by a mistake,paid,Negative_0
sapota was really bad.,Sapota,Negative_0
how do i delete the logo template icon?,template,Positive_1
iv created a dashboard type page for all my clients containing everything from proposals to invoices and.,invoices,Positive_1
i do not know how to create blocks/ groupings and it seems like i can only move one thing at a time.,groupings,Positive_1
"efficiency , punctuality, customer friendly service","punctuality,",Negative_0
"Basically, Asana is top, but would like better performance in the app, because I can't work on the tablet via the browser, I NEED to use the app.",tablet,Negative_0
Hides half of the projects,projects,Negative_0
give some offers on milk subscription to existing users also.,offers on milk subscription,Negative_0
"in accordance with local laws, we are required to charge you tax if you do not have a valid number.",local,Negative_0
only service charge has to be revised.,service charge,Negative_0
"the ease of ordering, timely delivery and best part can use the vacation option when not home.a suggestion.should increase the variety of products sold.",delivery,Negative_0
it's ridiculous to force users to share all their google contacts in order to log in,share,Negative_0
"currently, when i press enter at the end of a line in a block, a new block is created.","block,",Negative_0
mobile app is slow to input text.,text.,Negative_0
features access to 3500+ curated templates full access to image library full access to standard video library 120 istock images and videos free access to creator club's (premium) templates all future updates,templates,Positive_1
the app is very customisable which is something that you would want in a personal organizer app.,app.,Negative_0
"had complained ""n"" number of times that i can not book extra milk.",milk.,Negative_0
"i am trying to sign-up, but the confirmation email never arrives.","sign-up,",Positive_1
i wish they had different calendar views and layouts.,Calendar views,Negative_0
quality needs improvement specially the fruits and veggies,veggies,Negative_0
"It doesn't make any sense when companies make a mobile app with less features than the website, and then they don‚Äôt make the website available on mobile Safari.",mobile,Negative_0
ease of ordering till 11 in the night,Ease of ordering,Negative_0
"hi, i have bought ltd from appsumo a while ago, but now i am prompted for buying subscription.",buy,Positive_1
Can you please add an option to remove weekends on timeline.,timeline,Positive_1
"at the end of the video, the sound become very low for no reason",sound,Negative_0
jesus christ the ui of the app is extremely good,app,Negative_0
"basically, the graph is a visualization of each page included in a specific workspace and it shows which pages are linked together.",workspace,Positive_1
i still use my evernote because i do not think that notion does a good job of capturing information from other places as smoothly as evernote.,Evernote,Negative_0
but i had to really pay attention to it and not doing other stuff (as i always do doing those easy chores).,pay,Negative_0
"and on android, it takes forever to load even though you have already logged in.","Android,",Negative_0
it is tough to remember to look at boring process docs stowed away in a google drive or kb.,Google,Positive_1
good customer service and quality product required.,quality product,Negative_0
"best app for daily tasks, notes and scheduling.",scheduling.,Positive_1
notion apps in android cannot open and it takes longer time to open (if can).,Notion apps,Negative_0
am i going to get my money back?,money back?,Positive_1
"I am glad to know that you have successfully recovered your data, chares let me know if you have further feedback or questions, and i hope you are staying healthy and safe!",data,Positive_1
", notion team notion.so, the all-in-one workspace for your notes, tasks, wikis, and databases.",workspace,Positive_1
prompt service good response,Prompt,Negative_0
the first company is running the h kealth workspace and using okta as a saml provider for sso and scim .,SCIM,Positive_1
"most of the groceries will not be available however while adding to cart and making payments you accept the payments, however at the time of delivery you will update stating the product is out of stock.",groceries,Negative_0
want to increase your productivity?,productivity,Positive_1
why is it that some videos will not work/add to a scene?,scene?,Negative_0
delivery charge to be removed.,Delivery charge,Negative_0
HELPS IN COMPLETING TASKS ON TIME,TASKS,Negative_0
Excellent tool for lovers of order and productivity without stress üòé,productivity,Negative_0
"yes, on a paid plan, you get premium templates and media for free, you can use that, no problem :)",plan,Positive_1
it is one of the best apps to use to organize your lists and schedule!,apps,Positive_1
"hi brandon, how do i copy two scenes from the storyboard and add these to a new video?",copy,Positive_1
"however, clicking the invoice preview i see you already have our vat number, so i assume that vat will not be charged.",invoice,Positive_1
I‚Äôm using Asana to oversee two projects,projects,Positive_1
i want to buy lifetime account,lifetime,Positive_1
quality of fresh fruits & vegetables and expiry date of milk,vegetables,Negative_0
"The latest version of the Asana app eliminates the ability to swipe on tasks to modify their due date and category (Today, Upcoming, Later).",swipe,Positive_1
I hope timeline could be accessible in the app as well.,accessible,Positive_1
there is a new feature in my ultimate tasks @notionhq template - cold tasks!,Tasks,Positive_1
Synchronization of tasks on iPhone is improved.,Synchronization,Negative_0
"but also, like everyone else, ios 14 widgets, please.",widgets,Negative_0
i think the delivery of fruits and vegetables can be improved,fruits,Negative_0
work on customer support and offers.,offers.,Negative_0
video resolution:,Resolution:,Positive_1
mobile version is horrible,mobile version,Negative_0
how can i delete music and scene from the project ?,music,Positive_1
"hi julie, have tried resetting on the windows app but no change.",tried resetting,Negative_0
stop delivery charges,delivery charges,Negative_0
logged in but the mobile app only shows half of 1 page of my 10 or so pages created on the desktop web version.,app,Negative_0
"thanks for your help, keith notion - open - watch video -- keith corso  my calendar here founder @ busright",calendar,Positive_1
"it says it will email me when done,no error",email,Negative_0
hi i want to pay via paypal,pay,Positive_1
"Everything works except editing the description under ""configure base"".",configure,Positive_1
"every time i press backspace on android, it closes the keyboard.",keyboard.,Negative_0
"notion is an excellent platform, and the web and desktop apps are great, with many powerful features.",desktop apps,Negative_0
"so many times ur not able to deliver milk in a month, also many times i complaint that ur delivery guy sometime deliver at door , sometime near watchmen cabin and coz of not on time many times milk has spoiled.",milk,Negative_0
The mobile app is okay.,mobile,Negative_0
even if the video contains istock videos and premium media?,premium,Positive_1
"hi there, i can certainly complete that form, but i was sending exemption info in response to an email received yesterday evening from  regarding beginning to charge sales tax.","form,",Positive_1
"however, it is keeping loading and cannot add any team members now",loading,Negative_0
they are all my uni notes and there are more,notes,Negative_0
"after entering an article to edit the video with a voice over, we have to split into separate scenes,","voice over,",Positive_1
"Airtable is great, i use it in work and even in organizing the data of my sample collection for my Master.
",organizing,Positive_1
"5) apple pencil support (seen lots of people ask for this, though not something i use or find essential at the",Pencil support,Negative_0
i freaking love this app.,app.,Negative_0
powerful app & software!,app,Negative_0
says i can use all paid templates,paid,Positive_1
would you mind sending over the workspace name or billing email address on file?,workspace,Positive_1
i see your plan was not cancelled and 14 days was completed and so you were charged on 2nd april for business yearly plan,plan,Negative_0
""" you can upload your media from the 'storyboard' screen, 'edit scene' modal or the 'advanced editing' screen using the following process: step 1: go to the 'media' tab on the left panel.",media,Positive_1
"AirTable is a great product through a browser on a desktop, but it‚Äôs almost worthless as an app on your phone or iPad. 

",browser,Negative_0
"love notion, android is so slow it is not really usable for me.",Android,Negative_0
is there any option we can add moving like a strip watermark in a project from right to left.,project,Positive_1
Good app - needs to add access to trash on mobile to add back items accidentally deleted etc.,mobile,Negative_0
@coursera @notionhq @lumahq @typeform circle over slack because it is m.,Slack,Positive_1
i love the desktop app.,app.,Negative_0
i love this app - but the ipad experience seriously needs touchpad/mouse support.,app,Negative_0
i hope your team make this app more smooth on android like ios.,Android,Negative_0
i need to cancel my account.,account.,Positive_1
amazing flexibility and simple interface!,interface!,Negative_0
"I'm not able to login with my company email, it kept askin me to input my google account and deleting device policy, once it's done, it's just showing ""authenticating with Google"" but it never log in.",email,Negative_0
"this app looks promising, but one of the main reasons i use an ipad is because of the ability to pinch and zoom, allowing me to easily see things.",app,Negative_0
wallet amount not credited so far.,Wallet,Negative_0
"a real lag loading pages, seeing the spinner lots.",loading,Negative_0
Lots of customization options without being fiddly.,customization options,Negative_0
hi i wanted to know if it is posible to have this beta api access to integration notion with jotform.,API,Positive_1
"apart from this, i see there is a 5mb file upload limit on the free plan.",free,Negative_0
Magic Link should not be made as the only option to log in.,log,Negative_0
"For me, it was the most intuitive interface collaboration tool for process management.",collaboration,Positive_1
i understand that you would like to pay for your subscription and thanks for letting us know about this.,pay,Positive_1
therefore besides milk i do not purchase anything else.,milk,Negative_0
i ned to change the volume of the music i added,volume,Positive_1
"service, website ease, vacation options","website ease,",Negative_0
how can i know the status of my storage?,storage?,Positive_1
"hi, i have voice overs I would like to import and sync with scenes.",import,Positive_1
I am getting an login error stating that unable to login.,login,Negative_0
"Please create widget based on the views 
",views,Negative_0
If it is not in Spanish I don't understand anything,Spanish,Positive_1
"very good , only need to give insulated bag for the milk subscription.",milk subscription.,Negative_0
"on unlimited plan you get 120 istock media, 40 remove background image and unlimited premium videos",iStock,Positive_1
"in accordance with local laws, we are required to charge you tax if you do not have a valid number.",local,Negative_0
start with the free plan and then upgrade?,upgrade?,Positive_1
"i was using this app since a long time but after the new update (yesterday), its not operating on my phone and its asking to upgrade my version which is not available on my phone.",app,Negative_0
"i will point you towards a couple of tutorials we have for new customers such as yourselves, as the tool does require some learning curve.",tutorial,Positive_1
i had raised an issue of receipt of amul malai paneer at room temperature 30+ deg c instead of at least below 10 deg c.which has because the plastic wrapper becoming pluffy.i did not open it but dispose it.at least make sure that delivery of such items is effected in cold box like other sevice providers are practicing.,Amul Malai paneer,Negative_0
"as of the moment, zendesk integration is not available in notion yet, but i absolutely agree how it would be super useful and ideal to have this feature.",integration,Positive_1
please work on feedback faster and do not send expired/damaged products,expired/damaged products,Negative_0
please advise on what steps to take next in order to restore my data.,data,Positive_1
is it possible for you to modify our billing information so that the invoices generated would include the company's legal name and tax id code?,invoices,Positive_1
"@gwynniem i started a ""cookbook"" section in my @notionhq to paste just the recipes because i hate how cooking websi.",paste,Positive_1
i have turned the volume off in a one of the videio,off,Negative_0
"i love notion, but the app has one big problem:","notion,",Negative_0
"workshop: create a notion workspace for emergency volunteer efforts
design your workspace with me in @notionhq and.",workspace,Positive_1
follow this from a laptop/ desktop to cancel,cancel,Positive_1
"at least for my moto g 1st (android 5.1), it took so long to load the data compare to other to do list (clickup and to-do).",Moto G 1st (Android,Negative_0
with the business plan: 10 istock clips per month 1m + premium media 60 video export a month 20 remove background credits 10gb cloud storage,Storage,Positive_1
it says 'loading trimmer' and then it says something went wrong,load,Negative_0
notion is great!,Notion,Negative_0
if product availability,product availability,Negative_0
updated version of app not loading,app,Negative_0
notion makes organising everything so easy.,Notion,Negative_0
add more products and brands,Add more products,Negative_0
"Fairly good, but I have a complaint I always sort my tasks by due date, but when I close and open the app again the tasks aren't sorted by anything anymore...",tasks,Negative_0
"when i go to the app, there are a bunch of loading icons.","app,",Negative_0
It does not schedule well the tasks that I wanted to be repeated twice a week.,week,Negative_0
notion is open source app with blocks and pages.,pages.,Positive_1
"all i have to say is, get the app.",app.,Negative_0
i need support with billing.,billing.,Positive_1
i just gave you my email,email,Positive_1
"It's a good app, I was just really annoyed when it continually told me to leave a review every time I check something off the list.",list,Negative_0
hello please can i cancel my subscription and get a refund as i have never used the platform.,platform.,Positive_1
"i have one request can you add feature to crop pic while uploading to file, that could be very handy for making notes using pics.",notes,Positive_1
"i love this webapp really much, but the mobile version does not even launch on my phone.",mobile,Positive_1
but as a mobile app i would love to see some widgets since opening the app,widgets,Negative_0
but i do not want watermark and would choose the business plan.,Business plan.,Positive_1
"@linear & @notionhq integration would be a total killer.
",integration,Negative_0
Easy to use and love the different project layout formats available.,project,Positive_1
@saradietschy @notionhq @milanoteapp after using trello and evernote for years i consolidated everything into notio.,Trello,Positive_1
this app is just a web view.,app,Negative_0
after a long time a got my ordered delivered,ordered delivered,Negative_0
the app is user friendly can help us get the products at ease.,user friendly,Negative_0
Amazing project management tool.,project,Positive_1
drop daily delivery charges on milk subscription and daily deliveries.,delivery charges,Negative_0
It's cool how Airtabel has managed to combine the properties of a database and the easy editing of Excel.,Excel,Positive_1
"this app could be *so* powerful, but there is almost no support for editing with an ipad keyboard, which really limits its draw.",app,Negative_0
-delivery timings are late.,-Delivery timings,Negative_0
"ok, how much time do i have to pay the invoice after may 6?",invoice,Positive_1
"you can use the keyword ""intro"" to search for intro/outro templates",search,Positive_1
"i have been excited by reviews praising the features of notion as a note-taking, knowledge organizer tool.",Notion,Positive_1
i order milk and if i need to order bread with it..,milk,Negative_0
I am using the code block in place of a text block so users have a straightforward area to fill out answers to a to-do list I have created for them.,block,Positive_1
by scene do you mean video?,scene,Positive_1
apologeis drafts cannot be deleted.,log,Negative_0
"wave off delivery charges,on every products.bakwas,3rd class naam bigad dia,apne aap.","delivery charges,on",Negative_0
The online version is so much better than the app.,online,Negative_0
"hi zinith, thank you for your quick reply!",quick reply!,Positive_1
excellent feature-rich nodetaking app.,nodetaking app.,Negative_0
"i am editing one scene, another one which i am not editing is being affected.",editing,Positive_1
when you cannot deliver milk please inform in advance so that we do not have to run for milk at the last minute,deliver milk,Negative_0
there should be prompt updates to customers on deliveries and or delays to customers make alternate plans,prompt updates,Negative_0
i want to fade from one music to another.,fade,Positive_1
"programmed obsolescence, incentive to purchase, we would have done well with your update.",update,Negative_0
where can i see the counter of the istock credits used?,istock,Positive_1
timely delivery and prompt customer service,customer service,Negative_0
"I love that I can access information anytime, anywhere and print professional looking spread sheets that are also attractive and engaging.",also attractive,Negative_0
yes i keep deleting the logo place marker at the top right of the screen but it keeps reappearing.,deleting,Positive_1
"Excellent database app, loads of functionality for businesses, we couldn‚Äôt do without it",database,Negative_0
full marks for desktop app.,desktop app.,Positive_1
but we could have at least seen our notes without it even if we could not edit them.,notes,Negative_0
"we do not have quite the same drag function as excel or google sheets, but you can do bulk edits for database properties.",edit,Positive_1
New phone - 1st time checked out air table; has to be the easiest & simplest expense record ever.,record,Negative_0
(i love like how it has page numbers and the title on the bottom of every page),title,Positive_1
"For example, if you hit ‚Äúdates‚Äù and romaji,
",dates,Positive_1
"security wise however, have you plans to implement 2fa authentication for user accounts?",authentication,Negative_0
"reporting technical glitch in invideo platform: the ""fade out"" settings for editing music do not ""save"" .",editing,Negative_0
"I have noticed that the keyboard will keep closing if you primarily use it on android for longer than 20 minutes at a time, so i have to reopen the app a bunch.",Android,Negative_0
"for my current plan, did not include premium videos?","plan,",Positive_1
"ok, how much time do i have to pay the invoice after may 6?",pay,Positive_1
i am hopeful you will improve the quality of the delivery.,delivery.,Negative_0
and dragging items to the side to creat a new columns & resizing them.,dragging,Positive_1
too slow when creating a new page on samsung galaxy s8,Samsung Galaxy S8,Negative_0
"if notion fixes the slow loading performance when you first start the app, it would be 5 stars.",Notion,Negative_0
"actually, you can find our full list of current partners and apply for the discount through this form.",list,Positive_1
i got my notion devices from my homeowners policy and said to download app to install notion devices. ?,devices.,Positive_1
i am getting tired of waiting over 30 seconds for this app to load a simple database in note 9 with over 100mb internet.,app,Negative_0
Really convenient easy to navigate app with groups.,navigate,Positive_1
"okay, so this code is basically a discount of 20% for the upgraded plans?",upgraded,Positive_1
"i had absolutely no problems and am very happy with all your services, till recently when inspite of requesting home delivery it is not being done.",home delivery,Negative_0
the only feature that prevents me from totally migrating to this is lack of offline features.,offline features.,Negative_0
"no, i see its a business yearly plan, not an appsumo one, do you have the last payment receipt by any chance?",payment,Positive_1
"good app, but extremely slow loading.","app,",Negative_0
i also have a database with books i want to read and have read.,database,Positive_1
"delivery executives need to be trained well, the products received are damaged most of time.",Delivery,Negative_0
Where‚Äôre the swipe from ‚ÄúMy tasks‚Äù section?,tasks,Positive_1
"thanks for reaching out, myroslav! love to hear that you are interested in using notion's enterprise plan for your company our enterprise plan is available on either a monthly or annual payment schedule.",pay,Positive_1
"that means it is near impossible to copy/paste any more than one sentence or paragraph at a time, and extremely frustrating to draft or migrate notes.",more,Negative_0
Can't post a new task!,task,Negative_0
my url is: (which is the page that is missing my notes),notes,Positive_1
"when you upgrade again, re add your payment details",payment,Negative_0
niederlangen tax number:,Tax,Negative_0
This App has helped me build my business from a small business with tons of Excel spreadsheets to a highly organized linked and connected company!,Excel,Positive_1
you have to wait 20 min till gets open,You,Negative_0
i wish it had an option to turn notes into offline mode so i can access my notes quickly and without connection,notes,Negative_0
is there a bug within the editor?,editor?,Positive_1
"the system is ok, but the android app seems buggy, slow, not yet ready for professional work.",Android App,Negative_0
(whenever we launch it) license to resell videos video resolution in 1080p full access to all editing,1080p,Positive_1
"I like it, but it makes me something uncomfortable not being able to view the full text of tasks and projects in the form of a list, because of the little space on the screen, and that it is further reduced when the task fields are displayed or when you press an item to view the details.",text,Negative_0
two consecutive days you could not supply us milk and bread..,milk,Negative_0
faster delivery and nice qualities of products,qualities,Negative_0
"final point on this would be that it would be good to control that on a per workspace setting, as i have quick-links to my different workspaces",workspace,Positive_1
but its verry2 slow..,slow..,Negative_0
"i meant to post more yesterday, have some more notes I will compile.",notes,Positive_1
"same as yesterday, clash between video and background music",background,Positive_1
"However, the performance is very slow on the phone.",slow,Negative_0
the app is powerful.,App,Negative_0
"love this app, only complaint is that i can not switch to light mode anymore.","app,",Negative_0
"I repeat: users of Asana for iOS can no longer swipe to delete tasks. You know, that thing you can do in literally every other task/project app.

Swiping to delete might sound minor, but it‚Äôs hugely important, and somehow the geniuses at Asana decided to remove it. As a result, it now takes a whopping FIVE INTERACTIONS to delete A SINGLE TASK. I‚Äôm not even kidding. I wish I were. Those interactions are:

(1) Tap to open task

(2) Tap three-dot menu button at top of screen

(3) Scroll down because the ‚ÄúDelete task‚Äù button is hidden below the bottom of the screen

(4) Tap ‚ÄúDelete task‚Äù

(5) When the ‚ÄúAre you sure?‚Äù menu pops up, tap ‚ÄúYes‚Äù and exhale deeply. 

The fact that there‚Äôs an ‚ÄúAre you sure?‚Äù pop-up is just hilariously absurd. It‚Äôs like the company is trying to be as annoying as humanly possible and waste as much of its users‚Äô time as it can. 

If you read some of the other reviews, you‚Äôll notice a trend: the company doesn‚Äôt seem to understand the concept of minimizing taps. People on mobile apps want accomplish things quickly without having to tap around the screen a million times. Doing that will literally cause carpal tunnel and RSI. Asana buries everything and hides things in a way that makes their mobile app unusable.

Another example: say you‚Äôre looking at a list of tasks in the iOS app‚Äîyou will have no idea which tasks contain subtasks. There‚Äôs plenty of space on the screen for a small indicator showing the number of subtasks in a task, just like they do on desktop, but they choose not to include it.

There are tons of other examples like this. No idea who runs Asana‚Äôs mobile product team or design team, but they need to be replaced.",Swiping,Positive_1
Users have asked time and again: allow the field sizes to be adjusted to fit more on the screen if and when required.,screen,Positive_1
i downloaded this app after seeing so many advertisements and recommendations for it.,app,Negative_0
This app helps me in managing my schedules anf priorities everyday.,priorities,Positive_1
well i cropped it,crop,Negative_0
"the 60 export limit, is that only for videos which i would use your stock footage, or is that for all videos that i would edit with invideo?",edit,Positive_1
"Simply, typing in the mobile iOS app is nothing like typing in iOS broadly.",iOS,Negative_0
"notion itself is a 5-star platform; however, as you can see by other reviews, this app has become the app that never loads.",app,Negative_0
deliver on time and quality items.,Deliver on time,Negative_0
uploading any pics and copy and pasting the text,copy,Negative_0
how do i find a text box from the panel?,text,Positive_1
Just writing up my 2021 chilli growing notes when I thought there must be an easier way to document over 100 plants across three environments.,plants,Positive_1
I have mail on my other device and i am looging in to other device,mail,Negative_0
"to remove a member in your workspace, you can go to ""settings & members"" in the left-hand sidebar, then",workspace,Positive_1
"max vibration when I am trying to drag blocks, it is really unpleasant, fix it",MAX,Negative_0
I‚Äôve been thinking of trying to write my own app to handle some business tasks since I couldn‚Äôt find anything that would really work well for me.,tasks,Positive_1
i thought i had a free trial,free,Positive_1
"btw, i love this app.",app.,Negative_0
it takes longer to open notion than it would to un-delete all of geocities,takes longer,Negative_0
The app it‚Äôs not los ding properly for me and my team.,team,Negative_0
"too bad notion free plan is kind of limiting anyway, still a great app.",app.,Negative_0
n groceries.,groceries.,Negative_0
"He is my personal assistant, innovative practice, super ‚ù£Ô∏è",personal,Positive_1
"hello i tried to upgrade my notion account with the free educational plan, but when i try to change my email to associate my account with my educational email address, i do not receive the mail with the access code in my educational mail.",free,Positive_1
i love notion when using in a browser,Notion,Positive_1
you take money and confirm order for sugar and in the morning we drink milk and tea without sugar..,sugar,Negative_0
"to be clear, did you grant complete access to someone with whom you shared your page?",share,Positive_1
this note is good but the app is not good.,app,Negative_0
stop charging delivery fee on the milk packets.,milk,Negative_0
The new update makes Asana unusable in ipad.,update,Negative_0
when you claim that you will not charge any service charges from old customers like me then why a sum of rs.56/ has been deducted out of my monthly subscription without my knowledge/ consent.,service charges,Negative_0
i downloaded the app.,app.,Negative_0
you charging surcharge for delivery which makes it expensuve.no more its convinent,surcharge for delivery,Negative_0
I wanted to rate the app 5 stars later but after 9th reminder of rating the app I decided to go with 1 star.,reminder,Negative_0
remove the delivery charges as relaxations are being given in the current situation,delivery charges,Negative_0
so I wish they gave us portfolio dashboards and other data reporting/summary tools in the app.,portfolio,Positive_1
"Looks like iCloud is not an option because you can't grab data from, right!",iCloud,Positive_1
and i can not open the app!,app!,Negative_0
that is my main account team,account,Positive_1
web app - opera.,Web,Positive_1
I love Airtable but only the desktop version.,desktop,Positive_1
"After latest update 1.14.0 the app keeps crashing when entering linked record, and drains battery as well",update,Negative_0
its not working on my phone stuck on the logo screen.,phone,Positive_1
everything most importantly customer care service,customer care service,Negative_0
Top database app!,database,Positive_1
"please, so i can have a look into your project and check this for you.",project,Positive_1
i want the text appear from the beginning to cover the existing text,text,Positive_1
Need text formatting function as a block of code.,text,Positive_1
brilliant app but really needs a dark mode for mobile.,dark mode,Negative_0
"hastle free services of milk, fruits and vegetables.",vegetables.,Negative_0
at the time service and product availability,service,Negative_0
take feed backs from customers about delivery time to time,customers,Negative_0
"prompt, regular, dependable service","Prompt,",Negative_0
"extremely useful, it helps to manage my daily class notes and study plans very well.",daily class notes,Positive_1
this is great app but will not load on app android version but working fine in chrome mobile,app,Negative_0
better customer support,customer support,Negative_0
is there a quick way to impor notes from evernote to notion?,evernote,Positive_1
after i export the draft can i go back to invideo and make changes to the original draft,draft,Positive_1
you might get such effects with our transitions between the scenes.,scene,Positive_1
not compatible with windows 32bit,Not,Negative_0
i deleted the app and redownloaded it but it still continued to crash.,crash.,Negative_0
co fools customers in offers and very very bad in customer care,customer care,Negative_0
"want a copy of the soc2 type 1 certification checked the cx processes, but unable to find the certificate did not provide public response what caused you to escalate the ticket?",SOC2 Type,Positive_1
for some reasons it keeps saying download failed.,download,Negative_0
so it basically is a filter for all the tasks in the organizaation that are assigned or owned by me.,tasks,Positive_1
page is gone because i went to export,export,Negative_0
a specific database card does not suggest creating a new template for this database.,template,Negative_0
I will tell you what i do not like payments made on your app takes a long time to reflect and renew subcription.,app,Negative_0
"they also throw the milk packets, as a result i have received damaged packets with milk leaking.",milk,Negative_0
* please fix tablet portait mode!,TABLET PORTAIT MODE!,Negative_0
I am in love with notion but the app needs a little tweaking.,app,Negative_0
high service fee.,service fee.,Negative_0
i want to cancel my acct,cancel,Positive_1
the logo icon on the left side is picking up the logo but it is not being dislplayed in th evideo,logo,Positive_1
google web app,Google,Positive_1
Get some more views on mobile/tablet + get dark mode and we have a proper app ready to fully be the base for my life,mobile,Positive_1
within morning 7am products delivery..,delivery..,Negative_0
but the android app is very very slow.,android app,Negative_0
in time and 100% delivery,In time,Negative_0
"up to date dynamic notion calendar icon #notion, @notionhq, #productivity",calendar,Positive_1
better your delivery and customer service.,customer service.,Negative_0
"ASANA is a great concept for team management, but over-iteration has led to an inferior UI and platform overall.",team,Negative_0
the flexibility and easy-to-use interface means you can make a workspace/catch-all for anything your heart desires.,interface,Positive_1
so i feel like i should get full refund,refund,Negative_0
i would like to ask why it is not optimized with samsung galaxy tab a?,Samsung Galaxy Tab A?,Positive_1
very good app.,app.,Negative_0
if you receive this email in error please delete and notify the sender.,notify,Positive_1
we can not make new columns (make two column in page to,two,Negative_0
"on time delivery, easy app, payment method etc..","easy app,",Negative_0
this is the best note taking app I have ever used.,app,Negative_0
it is the best app i use it to control my entire life,app,Negative_0
i have daily journal pages set up (for the whole of the year - no judgement,journal,Negative_0
rates of chocolates brought to mrp after first purchase.,chocolates,Negative_0
notion is awesome but the app is very slow.,app,Negative_0
"ok maybe I will try that and see, how do i add the text",text,Positive_1
"yes, it has been charged, i will cancel and refund.",charged,Negative_0
did this coz just read how underrated the app is.,app,Negative_0
"x 11 persons with reseller discount, please","discount,",Negative_0
in the first slide volume too slow in the second slide its fine,slide,Negative_0
"are often stale.one of the milk pkts torn,most of the regular items out of stock.is it a professional organization or a street vendor?",milk,Negative_0
make all the grocery available lesser than mrp and normal offline market,Make,Negative_0
heard great things however there is no android widget for notion which is very disappointing as i rely on a quick view layout for fast notes.,Notion,Negative_0
would be a safe bet to restore.,restore.,Positive_1
"best productivity app I have ever used, but mobile version is slow and laggy even on mid-range hardware.",app,Negative_0
"there is no trust, because milk packet has one color delivered milk packet is other color i raised the same issue they are saying",milk,Negative_0
Top notch recommended app,recommended,Negative_0
currently I am doing for youtube video and need to wait next month,youtube,Positive_1
could you refund the money it just charged on me,charged,Negative_0
i have not received my delivery ordered 10 days back,delivery,Negative_0
DON'T BUY THE PREMIUM VERSION.,BUY,Negative_0
"I received emails every day after signing up for an account (required to use the app), pretending to be from various people (‚ÄúBecky from Airtable‚Äù) but obviously automated (all sent at 24hr intervals from when I signed up).",emails,Positive_1
"also, delivery charge to be removed.",delivery charge,Negative_0
1 ltr milk pcking was torn .,MILK,Negative_0
hi ..how do i change the timing of vo in the scene timeline; it is showing as disabled,timeline;,Positive_1
"good, efficient, regular","Good,",Negative_0
i love notion on my mac but not on my mobile: - can not copy more lines/blocks - no offline mode - extremely long time to load please fix it!,lines/blocks,Negative_0
For personal projects Things is extremely friendlier.,personal,Negative_0
no invideo branding or watermark 1080p resolution custom font uploads make videos in any language,watermark,Negative_0
"it is just slow, if they could improve the ui and speed it up it would absolutely be gold.",speed,Negative_0
"if you can not find the 'api' section in your workspace, then you are likely not part of it.","workspace,",Positive_1
i assumed i was connected to the school internet as this edit was done in class,school,Positive_1
"app is good, no issues nothing , just the thing , i urge developers to add handwriting and notebook featire with templates it would be blessing.",notebook,Negative_0
then locate the seeker in the timeline from where you want the audio to be added and add as vo from left panel,audio,Positive_1
"in the screenshot of the speed test, the upload speed is 0.",screen,Negative_0
Good and professional,professional,Negative_0
the video is not loading in the trimmer part,trimmer,Negative_0
"hello, i have a projects database.",Projects,Positive_1
the app is actually perfect!,app,Negative_0
"@mariepoulin @notionhq @catmulvihill nice page, do you have a template with projects & tasks ?",projects,Positive_1
"the mobile has bugs, takes a long time to open, sometimes have to force the app closed.",app,Negative_0
best of the organizer app,app,Positive_1
but the payment from my bank account was placed ok and the money are gone so..,account,Negative_0
what is diffrences between free plan and lifetime pro plan,lifetime,Positive_1
"well, if yo have uploaded or recorded the vo you will have to manually adjust into the scene so it will get synced to the text",text,Positive_1
with a coupon that a friend offered me,offered,Positive_1
"i recently fell in love with your reminder function and i was wondering, if it is possible that the remind.",reminder,Positive_1
"i ever asked to another support agent, that remove background an be used every month",background,Positive_1
best productivity app i have ever used.,app,Positive_1
"not as fast as other options, but considering the power and flexibility, it is beyond worth it.",power,Negative_0
really bad application.,app,Negative_0
"hi there, i had some issues today with the video stuff, i talked with brandon and hermangi, i noticed that because of all the exports i lost some of the premium stock stuff, but i always did the same video (there were complications)",exports,Negative_0
"videos throughout, there are 11 scenes, music stops abruptly upon export at scene 10",export,Negative_0
"i do not have a laptop or computer anymore, only an ipad",laptop,Negative_0
excellent in note taking and task management.,note taking,Positive_1
"overall, one of the best note taking app",app,Negative_0
working on a ppt & first thing i googled was why ppt templates on notion!.,templates,Positive_1
delivery charges for one time delivery is too high.. making it not suitable for rarely used items.,Delivery charges,Negative_0
"please confirm by clicking the ""allow support access"" button, which can be found under settings &amp; members - my account - support access.",support,Positive_1
the new updates fix the previous problems.,The,Negative_0
the bun bread was stale ( expiry date was the same as delivery date),bun bread,Negative_0
I am using my android phone as my daily driver,Android phone,Positive_1
Your service is great your mobile app is great but why have you opted out of Asana for m1 MacBook.,mobile,Negative_0
by what is up msg n allowing to talk to you bcause ur app is absolutely useless,app,Negative_0
"I use airtable everyday to track my expenses, product sales, pricing, etc., but this iOS app is very limited.",expenses,Positive_1
is there any additional info you can share with us to help verify?,share,Positive_1
Can't seem to create a new project on the mobile.,mobile,Negative_0
you took up a subscription but forgot to cancel it and were thus charged,charged,Negative_0
vegitables and fruits are not good,Vegitables,Negative_0
no updates in 6 months (after 10 complaints),months (after,Negative_0
we will never ask you for account information like your password or answers to security questions.,password,Negative_0
"hi, i was trying to switch from evernote to notion by my friend's recommendation.",Evernote,Positive_1
"regular delivery.payment via food card should be added.also they should add more milk items like rabdi, mozerella cheese etc.",Regular,Negative_0
the service is good .the,service,Negative_0
provide delivery on or before time,Provide,Negative_0
when i have split screen open with notion an another app.,split screen,Negative_0
"our free and public lecture series, the premedics lectures, is a novel approach to medical education of professional personnel.",free,Positive_1
i have purchased fruits like watermelon and puppaya the quality is very poor.i did not expect you will supply like this,puppaya,Negative_0
but i switched to unlimited as the promo code was good for all plans.,unlimited,Positive_1
as of now invideo is only available on desktop.,desktop,Positive_1
service & the way you reach out to your customers and notify them regarding all your on-ground operational challenges.,operational challenges.,Negative_0
"So flexible in so many ways, love the form feature the most.",flexible,Negative_0
address the complaints.. as soon as possible..,Address the complaints..,Negative_0
by providing delivery on time & without delivery charges,delivery charges,Negative_0
audio volume 100% still can not hear properly,audio,Negative_0
"you can create a new workspace by clicking the name of your current workspace in the top left-hand corner, to open the workspace switcher.",Workspace,Positive_1
fixing a large formula in @notionhq and having a hard time seeing particular functions?,formula,Positive_1
"service is prompt , but app is not customer friendly we can not interact .",app,Negative_0
"they have everything you could possibly need for making the most organised, efficient and visually pleasing notes/timetables/to do lists and so on!",notes/timetables/to,Negative_0
add quick login pin/fingerprint functionality,pin/fingerprint,Negative_0
@matenatica @notionhq update: i tried this and i think the easiest way (for me) is to copy it directly from goodnot.,copy,Positive_1
this means that you do have a good stock of the products but are creating artificial scarcity of the products to earn extra.,artificial scarcity,Negative_0
we have an api application request and guide for you to fill out the request successfully.,API,Positive_1
"The Apple Numbers app does everything this app does and much more, but easier, faster, and free.

",free,Negative_0
my order not deliver though you were not paid,deliver,Negative_0
the business plan was not cancelled and hence you were getting the notification.,notification,Positive_1
my 1 lt milk is not received yet booked on wednesday.,milk,Negative_0
After a small glitch which the Help desk sorted out super fast..,sorted,Negative_0
"I love Airtable, but the iPad apps is not complete with its features",iPad,Negative_0
"sure, give me your new email",email,Positive_1
easily payment can make.,payment,Negative_0
syncs all my notes across devices.,devices.,Negative_0
"well nothing works for you guys pathetic service, dishonest customer service, falling apart app and very good in testing people's temper .all","service,",Negative_0
"I have to wait for 5-6 minutes to be able to use this app, simply it just stuck on notion logo","app,",Negative_0
"We are a team of 2, and only one of us has access to the home page.",team,Positive_1
easy to order and quiet deliverg,Easy,Negative_0
your plan is canceled and a refund for the charge initiated.,refund,Negative_0
the best app for productivity,app,Positive_1
i do not want to use any template since i have already created the slides on powerpoint.,template,Positive_1
Keyboard hides the note field when typing into it.,field,Negative_0
"faced the same issue for four days, no resolution .",no resolution,Negative_0
"i will have a try to download the video one more time, if there are still some problems, i will let you know, thanks for yor help",download,Positive_1
@adelinethewong creating and sharing @notionhq templates.,sharing,Positive_1
please cancel my account and erase my details too after the refund.,refund.,Positive_1
you can start off with a 14 day trial on either of the plans to test it out,plan,Positive_1
amazing app,app,Negative_0
i j ust wan t to purchse the temple so i can download the video only,video,Positive_1
"i am experiencing difficulty in registering my complaint on the app, when i call customer help line, standard answers like there is no complaint registered and close the call.let some body call on this number and resolve our problem","app,",Negative_0
databases take too long to load.,Databases,Negative_0
"genius app, perfectly notepad, simply database.","app,",Negative_0
"Small learning curve, but an exceptional means to manage any project you can conceive!",project,Positive_1
syncs all my notes across devices.,notes,Negative_0
the app itself is great but the start up time is awfully frastrating.,app,Negative_0
"he says that he accidentally added a member to his workspace and it reverted the workspace to an old team workspace, and he cannot anymore find the current workspace he is working on.",workspace,Positive_1
"if you create a free plan like this, many people will use and it affect the quality and the speed of rending invideo.no wonder why i got problem while render and edit video",speed,Negative_0
i am missing notes - i do not remember all of them,notes,Negative_0
Needs to integrate with Outlook,integrate,Positive_1
it is a really powerful and feature-rich app.,app.,Negative_0
try to sale curd and chakka also,curd,Negative_0
since day 1 i m requesting to provide thermo bag but till date not received as a resultant most of the time milk are spoiled.,milk,Negative_0
"ok, there were one in the top right, one in the middle, and one on the bottom left, an a few below, i deleted them to test, its working fine",delete,Negative_0
will that work as a facebook cover 1:1 on mobile?,mobile?,Positive_1
"yes, you can create videos on the free plan.",plan.,Positive_1
if i place all the links into a table can you convert those all to embed?,table,Positive_1
the app is very customisable which is something that you would want in a personal organizer app.,app,Negative_0
no offers cashback promotions or product discounts while starting you given more discounts but now nothing watse,discounts,Negative_0
pls stop membership access for free delivery.,membership access,Negative_0
"at the first time i use my iphone to down notion app, but now i would like to start on my computer",iPhone,Positive_1
"the platform does not work, it has been taking me off the web for days",off,Negative_0
"@notionhq hey guys, I am having issues with latex equations showing up as invalid throughout my workspace that were.",workspace,Negative_0
"what happened is that i created a new workspace within my workspaces, and by moving a page to this workspace, it instantly disappear.","workspace,",Negative_0
"[?] icon that appears to the left on hover and selects ""color"" to change the background color or by highlighting the text and clicking on the ""a"" to change the text color.",color.,Positive_1
every change i made does not get saved?,saved,Negative_0
i just checked it by downloading on my laptop,downloading,Positive_1
how can i know the status of my storage?,storage?,Positive_1
"After downloading the app I tried to sign up but I couldn't because asana is not available in my location (Sudan), although Sudan name has been lifted from the state sponsors of terrorism list.",list,Negative_0
i will let you know later when i buy,buy,Positive_1
i also got a notification in payoneer,notification,Positive_1
"great note taking app, but we require complete offline mode like evernote.","app,",Negative_0
this is the best app I have come across!,app,Negative_0
Agile and Accurate,Agile,Negative_0
Really good and easy database program as is recommended.,recommended,Positive_1
i have not a clue how this app works!,app,Negative_0
no minimum order + zero delivery charges & also better customer care service with quick responses,delivery charges,Negative_0
have any opportunity 10$ for first month not yearly plan,plan,Negative_0
The application is very good in case I would like Asana to have a student plan.,student,Positive_1
good products & good service,service,Negative_0
neat and clean business dealing,clean business,Negative_0
by supplying milk before 7am,milk,Negative_0
these @notionhq advices for building a dashboard for maximum productivity are awesome @whizoe,dashboard,Positive_1
i really appreciate your efforts.,app,Positive_1
service is good but not reliable .,Service,Negative_0
"Love using Air Table for generating ideas, copy, and assigning media to posts, articles, tweets and more!",Table,Positive_1
(escalate to tier 2/3 is not a valid response) - need to help the user restore the deleted page - what relevant information for resolution have you gathered?,restore,Positive_1
how to edit a photo video,edit,Positive_1
can you stay with me until i apply the code,code,Positive_1
idea of notion: the best workspace application ever.,application,Positive_1
can you please try converting them to mp4 and uploading?,uploading,Positive_1
This app is perfect for productivity.,productivity,Negative_0
Asana is an essential part of my business!,business,Positive_1
"organise your tweets the way you want.
 ",Organise,Positive_1
you cannot use paid templates on professional plan,templates,Positive_1
"for example: here the first column is a link between ""mois d'exercice"" & ""exercices""",column,Positive_1
please allow to zoom in images it will make the function a whole lot better,Please,Negative_0
but it would be better if ur app improves in the android version.,app,Negative_0
after that i clicked one of my page (which was listed in that list view) and i found out that every contents(text) in that page was gone for good.,listed,Negative_0
my previous card expired i aded another one but the payment is not going through,pay,Negative_0
"products availability, delivery, delivery time, discounts, offers","discounts,",Negative_0
but i canceled it a week ago and was charged today or something,canceled,Negative_0
Rxcelente only that they should increase the capacity at the time of uploading 20mb videos today is nothing,uploading,Negative_0
"Unfortunately, it is not possible to enter task start and finish dates.",dates,Positive_1
"For a free app, it‚Äôs awesome.",free,Negative_0
i found the url of the page (is not working at the moment),url,Positive_1
Unable to do anything besides create a task and add notes which can be done in hundreds of other apps...,task,Negative_0
my experience of this app on my samsung tab s6 is horrible and is really unusable,app,Negative_0
1) there is no offline use.,offline use.,Negative_0
the interface is nice opening takes forever,interface,Negative_0
timely supply of items.,supply of items.,Negative_0
if i refresh the screen will i loose the progress,screen,Negative_0
deliveries not done due to operational constraint,Deliveries,Negative_0
if you have a cheaper option for monthly payment in business let me know.,cheaper,Positive_1
instead it shows the link to download..,link,Positive_1
this app have potential to be my path to become a productive human,app,Positive_1
"when i signed up, a couple of friends warned me about the delivery issues (frequent cases of delay or cancellation) but i still signed up.",delivery issues,Negative_0
does not work on desktop app.,desktop,Negative_0
overall it is the best to do app i found,app,Positive_1
the first scene on the time line.,SCENE,Positive_1
I can‚Äôt log in with my Google account.,log,Negative_0
you are on the business yearly plan.,Plan,Positive_1
i think it is the best app that i use,app,Negative_0
"extremely powerful, functional and useful software that i use for everything on desktop.",desktop.,Positive_1
"yes, you can cancel it anytime",cancel,Positive_1
you guys promise to deliver breakfast items and always fail consistently.delivery not done or package is badly done.moreover heavy veg & fruits on top of milk packs.you need to packs thing neatly in plastic or carboard,heavy veg,Negative_0
"however, i did not know notion does not work offline on android.",offline,Negative_0
", did not even know i was getting charged",charged,Negative_0
hoping in more features and in some customisable shortcuts to take quickly the notes without have to open all the time the app and looking for the page where to create the new note.,app,Negative_0
"communication, only regret but no imorivement, vegetables and fruits no return policy, can recommend to buy only branded packed items",vegetables,Negative_0
right place delivery,Right place delivery,Negative_0
are you sure it will not get included when i export?,export?,Positive_1
i do not trust your deliveries at all.,deliveries,Negative_0
awesome.,Awesome.,Positive_1
yes the page is still accessible via search and because i have it as a favourite,search,Positive_1
"app is really great for all my blog,lecture notes and everything.","blog,lecture",Positive_1
"hello, i did the requested, left and logged in again and still i still can not download my project, could you help me please?","project,",Positive_1
Excellent task manager but big downside,big,Negative_0
@shpigford considering this just happened to me while trying to log in to @notionhq I am going to have to go with.,log in,Positive_1
"increase reliability of delivery and safety awareness of the delivery person, make the product available, i am unable to use super access to its value",safety awareness,Negative_0
"no service charges and assured, timely delivery.",service charges,Negative_0
: if anyone is buying things less than rs.500/- you charge them the delivery fees.,delivery fees.,Negative_0
making charts should be available as part of tables.,tables.,Positive_1
will these account have individual access in different email and password?,account,Positive_1
A must-have for project collaboration!,collaboration,Positive_1
no info in advance for non delivery and difficult to connect with you for any problem and charging unnecessary additional fees.,delivery,Negative_0
"but, desktop version is awesome.",desktop version,Negative_0
"apparently when @evernote limits you to two devices on a free plan, they include signing in through a browser as we.",free,Negative_0
Very good tool for organizing jobs into groups,groups,Positive_1
"firstly, there is one most annoying thing that need to be sorted which is freezing, as when you do a new notes it freezes and you can not click on other notes.","freezing,",Negative_0
prmpt and timely.,timely.,Negative_0
"a ecrit : you are always welcome, terence, and please drop us a line anytime if something comes up from notion",line,Positive_1
the app feels too cumbersome and limited compared to the usability of the website on computer.,website,Negative_0
"checked in admin mode that he has only one active workspace, the other one is deleted as per team lead found a related task that might help what do you think the resolution should be?","workspace,",Positive_1
web version cool,Web version,Positive_1
you template,template,Positive_1
"Last week, the subscription amount of 10 users was debited to my credit card, and our subscription is still valid for 05 users who are what is necessary for the moment, since then I have sent 02 messages through the website in the support option, describing the whole fact, and they do not return to me. 
",subscription,Positive_1
it will become as good as the desktop version soon.,desktop version,Negative_0
Can't delete notifications on electron mail (((,notifications,Negative_0
replace the media in the scene again and export it please,scene,Negative_0
The institution sent me a link through this application to dictate my data Is there a problem if I fill out the form,link,Negative_0
"bug only in desktop app, not in safari",Safari,Negative_0
"i mean, it feels unresponsive, i think devs made some android port from ios, i cannot be satisfied with the smoothness of the app.",app.,Negative_0
stop charging service fees already your products are expensive,service fees,Negative_0
i even switched my keyboard from qwertz german to qwerty english uk for notion and davinci resolve,keyboard,Negative_0
i see you are on professional lifetime plan and you cannot use premium features and to use them you will have to upgrade to business or unlimited plan,premium,Positive_1
and you charge 20 rs as a delivery charge which is not acceptable,a delivery,Negative_0
always have the items which are included in your list available,items,Positive_1
"iPad Pro 10.5

",iPad,Negative_0
truly a life-changing app.,app.,Negative_0
"hello, please cancel my subscription and refund me.",subscription,Positive_1
i have purchased fruits like watermelon and puppaya the quality is very poor.i did not expect you will supply like this,fruits,Negative_0
"Overall a very good platform which has most of the features I was after, but the deal breaker for me was the inability to display recurring events individually on the calendar.",calendar,Negative_0
"very fine, bestom best",Very,Negative_0
future paid features are added for free to you if you are a premium customer 2.,paid,Positive_1
but i prefer the desktop version because sometimes my notion app gets stuck on the logo screen and randomly logs me out and is way less functional but still love it,desktop version,Negative_0
"@notionhq it would be wounderful if all databases made by ""button template"" changes when i do changes on template itself.",template,Negative_0
does not work on my phone.,phone.,Positive_1
but i cancelled the 14 days trial I am sure !!,trial,Negative_0
"if it only had home screen widgets, that would be amazing.","widgets,",Negative_0
the desktop app is the best thing i have ever used for college.,app,Positive_1
Please bring back swipe actions on the My Tasks screen.,swipe,Positive_1
speed has increased.,Speed,Negative_0
the mac app is slow and the android os still loading while i write this review.,Mac app,Negative_0
poco se habla de la mejora de rendimiento de @notionhq desde el viernes/sabado lei a uno de sus ingenieros en tw.,rendimiento,Positive_1
"select the video on the scene, and click on trim",trim,Positive_1
"If you‚Äôre using an iPad and sign into Airtable with your google account, don‚Äôt waste your time - sign in doesn‚Äôt work.",sign in,Positive_1
please make sure that delivery daily.,delivery,Negative_0
"please provide us a feature to see notes as we create or update them, without going into the specific notebooks",notebooks,Positive_1
collect delivery charge on the basis of number of occasion and not per item.,delivery charge,Negative_0
downloaded now.,downloaded,Positive_1
failed to create subscription: please check the card details and try again.,card,Negative_0
the curd i ordered twice was expired,curd,Negative_0
"i would like to cancel my free trial, however there does not seem to be a button for that.",button,Positive_1
"hi, may i know the difference if i upgrade to unlimited plan?",upgrade,Positive_1
"really useful app, when it finally loads and opens.","app,",Negative_0
"this app is great for managing journals, todo tasks, habits, notes, bookmarks all in one.","habits,",Positive_1
my only major problem is how slow the application is both on mobile and desktop.,application,Negative_0
business plan is for $20/month or $120/year,plan,Negative_0
I have run into some real trouble having made changes and deletions to a linked data base withouut realizing it and have seem to have instantly ruined the planning and tracking of about 10 people on my team.,data,Negative_0
please use invideo from computer/laptop,laptop,Positive_1
It is super useful for our small (4 people) team.,team,Positive_1
app start are too slow,App,Negative_0
keep goin with update and surprise us with the great apps of yours.,apps,Positive_1
and want to change into korean,Korean,Positive_1
i hope you guys can make it more lighter for android users like me who has 2gb of ram.,android users,Negative_0
information regarding cancelling product or delay in delivery,product,Negative_0
can you fix the voice over at scene 13 2min mark on id= please?,scene,Positive_1
prices are high comparing market and vegetables are not good quality.,Prices,Negative_0
one of the best apps that i have used in quite sometime now.,app,Positive_1
"but, looking through the built in templates gave me a really thorough idea of what notion can do.",Notion,Positive_1
"for the scene, just click it and click on the trash icon that comes above it",scene,Positive_1
"your organization must not be: * a hospital, organization involved with health insurance or group health plans, or a related organization i agree to these terms and conditions # are you interested in the monthly or annual team plan?",Annual,Positive_1
I love hopefully put more free stuff really thank you,free,Negative_0
notion is literally a dream come true for anybody that needs a structured and organized filing system.,Notion,Positive_1
"what would really take it to the next level though, would be adding a notes option for ipad and creating widgets for both ipados and ios.",widgets,Negative_0
@youtubecreators currently planning out all my content ideas on @notionhq!,planning,Positive_1
"app not working properly, customer support needs human touch.",customer support,Negative_0
* @notionhq template,Template,Positive_1
"increase product range, and price competitiveness.",price competitiveness.,Negative_0
listen to complaints and try to rectify,Listen to complaints,Negative_0
"good app but every time i open it, it takes 15 seconds to load.",load.,Negative_0
"next, i wish there was a way to input a handwritten notes, does not have to be a full fledged feature like onenote, just the ability to sketch diagrams/notes and input it alongside typed notes would be massive change.",typed notes,Negative_0
"i see, so does that turn off the music for just that scene?",music,Positive_1
hi ..how do i change the timing of vo in the scene timeline; it is showing as disabled,scene,Positive_1
"but now I am at a point where i need to find a way to move a huge content archive from dropbox over to notion, so our growing team will have access to it in the future.",archive,Positive_1
please refresh the page and check the last exported video once its is processed,export,Positive_1
it is an inline gallery view (not under a toggle) and the bug usually happens when the card is medium size.,toggle),Negative_0
prompt and scheduled supply,Prompt,Negative_0
seems ok so far: but no widgets,widgets,Negative_0
"My iOS app defaults to List View and Incomplete Tasks, no matter how many times I change it to Board and All Tasks.",Board,Negative_0
so no new bills coming anymore?,bills,Negative_0
043: team goals * @notionhq template,Template,Positive_1
"you can not degroup it, but you need to click on the text inside for it to be editable, if its small, increase the text box size a bit, so you are able to click in the right place",text,Positive_1
"I did extensive research, and Asana seemed to be the best resource for my companies needs, however, it is not syncing from mobile to desktop and vice versa.",syncing,Positive_1
can you put me on to a trial for business plan.,business plan.,Positive_1
"Please, add a dark theme and subtasks indicator!",subtasks,Negative_0
"here is a tip, maybe you guys could consider to improve the efficiency of workflow, which is to quickly add a webpage link or snapshot to the notes through chrome or edge plugins.","workflow,",Positive_1
i complaint of curdly milk supply on 19.9.2020 and not received coffee sample on 21.9.2020.,milk,Negative_0
one star away from becoming best note taking app.,note taking app.,Negative_0
"Actually what I was looking for‚Äî todos to check off without kanban doens, but kanban where it's good, sync over my devices.",sync,Positive_1
Does asana going to dark mode theme?,dark mode theme,Positive_1
"apologies, i see there is only 1 scene in the video.",scene,Positive_1
Really annoying if you only use iOS.,iOS,Negative_0
your delivery guy is not delivering milk packet at door step in the cool bag,delivery guy,Negative_0
the best taking note app I have ever used!,note app,Negative_0
request to add or change an email domain for saml single sign-on on workspace 4fdd17a7-2b64-446f-8635-d85ed391b6dc.,workspace,Positive_1
This app has been very helpful in helping me to organize and prioritize my tasks,prioritize,Positive_1
"It does not allow editing in list format, you need to click on each record and a form opens.",list,Positive_1
"hi, i have a notebook containing 191 notes in my evernote, i want to import all those notes to notion, but when the import task finished, only the latest 30 notes were imported.",notebook,Positive_1
please note that i am not hooked on to your app to check the status of delivery.,delivery.,Negative_0
So user friendly and aesthetically pleasing.,user friendly,Negative_0
@dulanisunny @telangamol @notionhq @aliabdaal have not watched any youtube videos about notion yet!,youtube,Positive_1
@notionhq notion will not load for me in safari v13 (macos catalina).,Safari,Negative_0
you guys promise to deliver breakfast items and always fail consistently.delivery not done or package is badly done.moreover heavy veg & fruits on top of milk packs.you need to packs thing neatly in plastic or carboard,consistently.delivery,Negative_0
"poor service, service fees too high and irrational behaviour by customer service",customer service,Negative_0
- offline support,- Offline support,Negative_0
"for all new projects, you can upload the logo in the brand presets.",logo,Positive_1
not to miss the customer service is just fabulous.,the customer,Negative_0
Recently downloaded and the free tools and integration are awesome.,free,Positive_1
hey @notionhq can you please make the text line next to a disclosure triangle also please unwrap the content?,text,Positive_1
completely unhappy with the inability to delete my account.,account,Negative_0
prices of groceries are very high compared to others.,Prices,Negative_0
improve your delivery service,delivery service,Negative_0
The online/desktop view of this platform is amazing.,online,Positive_1
you stopped your service at a short notice without giving a valid reason,service,Negative_0
how can i see the names of headers when using gallery view in a notion page within the sidebar?,sidebar?,Positive_1
"with the lifetime unlimited premium plan, you can get : unlimited videos exports/month unlimited premium videos/month.",Unlimited,Positive_1
service and quality of the products,quality,Negative_0
notion is such an amazing app and site i have not taken advantage of all the features.,app,Negative_0
reliability and prompt clear and transparent communication in case of delivery failure.,Reliability,Negative_0
"the greatest note taking app, i use it on my laptop.","app,",Negative_0
i see the count for remove the background is exhausted.,remove,Positive_1
best notetaking app I have used.,notetaking app,Negative_0
remove delivery charges or minimise to rs2 like bbdaily,delivery charges,Negative_0
Can you add flashing color banners to create alerts for example a logistic chart on the app and on your website,chart,Positive_1
Thx for the Wednesday upload,upload,Positive_1
"the most recent problem is where the table pages will not even display the tables and because i use these tables so often, it infuriates me even more.",table pages,Negative_0
stop charging delivery fee,delivery fee,Negative_0
and add 1part to my text,text,Positive_1
"I have been using it every day since 2013, I have tried others but certainly this is the best.",every day,Negative_0
no customer care and app is not active,app,Negative_0
"even when i delete it, it appears in the download?",download?,Positive_1
| m:  | | linkedin profile,file,Positive_1
"The keyboard is left open, the submit button is hidden by it, there is no way to scroll

",button,Negative_0
"it was not until i reset my wifi and switched to online mode for notion that the text suddenly disappeared.""",reset,Negative_0
Helped me organize everything I need!,organize,Positive_1
"more of variety,prompt delivery and good quality",quality,Negative_0
"yes, so we have an option to pay either via paypal or card, whatever suits you best for which i can share a link on chat","card,",Positive_1
",how do i make the monthly payment of invideo, my tryal expires tomorrow",payment,Negative_0
"that way, the price will be reduced accordingly at the end of the trial",trial,Negative_0
"hi, i just uploaded a video i made to youtube and there was a copyright claim on the music from your music library.",YouTube,Positive_1
this app can do everything you would hope for and more.,app,Negative_0
the best app ever.,app,Negative_0
timely service.,Timely,Negative_0
"project planning
",Project,Positive_1
does it affect the existing uploaded files in any way if i downgrade?,files,Negative_0
how well is our data protected in this team plan?,data,Positive_1
"hi, i have just upgraded my plan, but it is still showing the istock watermark on the clip.",upgrade,Positive_1
it takes forever to open the app,app,Negative_0
do not deduct money from my account without my knowledge.,deduct money from my account,Negative_0
I'm looking for the heading where I can find deleted items??,deleted,Positive_1
"@aprilynnea @notionhq nothing to share as a tip now, but learn it from the start.",share,Positive_1
The only option to log in into app for the first time (with an existing account) is to ‚Äúsend a magic link to email to avoid password‚Äù.,log,Negative_0
unlimited videos exports/month unlimited premium videos/month.,Unlimited,Negative_0
"Airtable is great, but I wish desktop features like Airtable Apps, calendar view, and forms were available on iOS and iPadOS.",view,Negative_0
i have an iphone 11 and I am constantly having to turn my phone sideways to click things or delete things.,iPhone 11,Negative_0
I have used notion on my desktop so i wanted to try it out on my iphone however the app already does not open on my first time downloading it.,desktop,Negative_0
daily without fail delivery before 7.00 am and vacation facilities.,delivery,Negative_0
"however, it still does not compare to the desktop version, as the notetaking interface is still lacking.",interface,Negative_0
the images show three tasks with no relations to [content projects] or [product projects].,projects],Positive_1
Airtable on iOS is very very limited.,iOS,Negative_0
"sometimes when you drag and drop a video, there is a suggestion advising to make it fits the exact length of the text, sometime you have to guess",drag and drop,Positive_1
"i see now, the $49 is not a really good deal.",good deal.,Negative_0
5) all the paid templates would be free to use.,free,Positive_1
Very flexible and fast,flexible,Negative_0
delivery time and cancellation at any time,Delivery,Negative_0
may i know what is the file type and size you are uploading?,uploading,Positive_1
i would like the developers to add support for gdscript programming language code block and mind maps.,Gdscript programming language,Positive_1
We have been using asana extensively to manage both tasks and communication throughout all branches of the company.,communication,Positive_1
so i have a question regarding editing for youtube vidoes,youtube,Positive_1
the sans serif font is roboto which may make easier your job because it is default typeface,roboto,Negative_0
good and prompt service,prompt service,Negative_0
early morning and quick respone and your milk supply boys are also sincere,respone,Negative_0
i had a subscription for eggs for a week,eggs,Negative_0
"hey guys, can you help me please with some questions about embding files from different google tools in notion?",file,Positive_1
I'm not being able to access it from my cell phone.,cell phone,Positive_1
therefore besides milk i do not purchase anything else.,milk,Negative_0
when i choose a genre of music no songs show up,songs,Negative_0
"but, as the very first time the number of my vatid is shortened by one digit.",first time,Negative_0
timely delivery.,delivery.,Negative_0
i see you were on business monthly plan but it was cancelled,plan,Positive_1
You all know how to build a project management software that really optimized workflows and streamlines communication.,streamlines communication,Positive_1
i do not remember old password,password,Positive_1
your delivery guys does not give the delivery at door step.,delivery guys,Negative_0
"After being able to Sign In with Apple, I immediately enjoyed using Airtable to put my game and movie collections and some other ideas I thought of because of how flexible Airtable is.",Sign In,Positive_1
how do i remove all logos from the side bar,logos,Negative_0
improve support and delivery on time and correct quantity,correct quantity,Negative_0
plz work on the prices offered on fruits and vegetables,prices,Negative_0
if you look at my pinterest pin you will see what i mean with the black screen at the start:,pinterest,Positive_1
i found past versions of my class notes from the page i copied and pasted from (before i split my class notes into the three sub pages which such as topic 1: operations) but i do not have access to it because my account only allows to restore versions within 30 days and it now requires me to pay $25 just to receive my notes back.,pay,Positive_1
"hello, i recently purchased the business plan with a 50% off promo code for the year",purchased,Positive_1
my only problem is that i can not even open this app because i always stuck in the notion logo for a really long time [?],app,Negative_0
you could have two workspaces (one for khealth and the other for hydrogenhealth) where they both have saml configurations for their respective domains and any pages that need to be shared,SAML,Positive_1
"I want to define a calculation expression in a column even in iOS app.
",iOS,Positive_1
"Slowly adding useful features, but still gimped.",Slowly,Negative_0
Is too slow to load,slow to load,Negative_0
free plans do not even have watermarks,watermarks,Negative_0
the option to put a layer ahead or below is not appearing,layer,Negative_0
prompt delivery and nice bag,delivery,Negative_0
so there is images with editable text,image,Positive_1
excellent app for note taking and cross platform usability.,note,Negative_0
"i take all my notes in this app, use it for scheduling things.","app,",Positive_1
"i agree that this is an overwhelming app at first, but stick with it.",app,Negative_0
Expected a polished product but have bugs.,bugs,Negative_0
its free are enough at least for me.it have amazing template collection so that you do not have to create yourself,template,Positive_1
app is great for laptops but not for androids.,App,Negative_0
good products but more items to be added and last order should be allowed till 2 of clock night,products,Negative_0
i even ran a video that added even more levels of complexity but not an option for font sizing.,complexity,Negative_0
i wrote in earlier about a problem i was having with a message the app was giving about waiting for the assets to load.,load.,Negative_0
Really need all views in iOS app üò©,iOS,Positive_1
please offer your services as promised,services,Negative_0
please do not disclose the deal and price anywhere as it is a custom deal and we will not be able to accommodate others on it.,price,Negative_0
Really missing the opportunity to switch between two or more accounts.,accounts,Negative_0
try updating the delivery status in advance n promptly make the necessary changes upfront you have been updating the delivery status as delivered even when you have not i had to dispute it for you change it,delivery status,Negative_0
"Since the last update the application does not open.
",update,Negative_0
The Asana iOS app has improved significantly.,iOS,Negative_0
"although notion itself is brilliant; the android app is slow, buggy, broken and completely unusable offline.",android app,Negative_0
i think notion is quite good,notion,Negative_0
"can we generate video for facebook ads, facebook story ads, instagram video ads","ads,",Positive_1
"if you are getting an error, then try another card, that is the only way you can take a trial",card,Positive_1
"i new to video editing, i am interested in the business plan for editing.","editing,",Positive_1
"on my iphone when i go to highlight more than one block of text, the page starts to scroll endlessly to the end of the page, without highlighting the full block.",the,Negative_0
"not native to android or windows, 2.web site also not so great, no horizantal scrolling for kanban inline, then how can i use the feature.","windows,",Negative_0
would love to see them improve syncing between devices before more new features.,devices,Positive_1
evernote never had this problem.,Evernote,Negative_0
and i clicked upgraded to business yearly,Yearly,Positive_1
but everytime i add guests they are beins trasnformed into members of the workspace.,add guests,Positive_1
We chose not to use the tool and are now trying to cancel within the 30 day free trial.,trial,Positive_1
colors we can change are too less,Colors,Negative_0
could you please help me change the email address of my account?,email,Positive_1
how do i remove the music from a video draft,music,Negative_0
"during covid lockdown you proved youself as a disaster, totally undependable.","you proved youself as a disaster,",Negative_0
and dark mode is not exactly dark.,Dark Mode,Negative_0
Perfect for managing my activities and organizing projects.,projects,Positive_1
"what if i use ten (3 sec only) videos in one project, means i can not use istock again this month, am i right?",iStock,Positive_1
the web app has seriously changed the way i organise myself and hands down knocks out all the competition such as evernote and one note but the notion app is a little clunky to navigate,web app,Negative_0
how can i embed an image from a link in a gallery template?,image,Positive_1
i have requested for super daily bag multiple times but have not got yet.,bag,Negative_0
"you can try it out on the trial, if you like it you can continue, or you can cancel at the end of the trial",trial,Positive_1
I miss the German language.,German,Negative_0
help me with the project,project,Positive_1
service by all means to be improved,Service,Negative_0
the quality of fruits was pathetic and it was the main reason i stopped ordering from supr,fruits,Negative_0
no proper response to our queries,No proper response,Negative_0
give proper solution for problems and supply good quality items,quality,Negative_0
organise everything into one hub (.,Organise everything,Positive_1
Excellent digital calendar app!,calendar,Negative_0
"no, deleting has not been changed, ill have a look",deleting,Positive_1
Two-factor identification is broken in the app - I enter my code and can‚Äôt get the keypad to disappear to advance through into my account.,broken,Negative_0
that scrolling option is not showing,scrolling,Negative_0
the best way to be notified is via my youtube - as.,YouTube,Positive_1
stunning user interface and a variety of options to easily collaborate with your team!,interface,Positive_1
we are going to take notes about the events and shar.,notes,Positive_1
i use super daily only for milk nd other oavked groceries.,daily,Negative_0
"so many cancelled orders plus the booking of milk n curd is wrong, had to pin point missing curd last month, do not act like a street vendor",curd,Negative_0
and is there a way to cancel my payment even if i pay a fee?,pay,Positive_1
"I run an entire small business customer management database off Airtable.

",database,Positive_1
"for the free personal plan, you can only upload files up to 5mb each, not total.",file,Positive_1
provide reset password instructions.,reset,Negative_0
happy to answer any questions that you may have about security.,security,Positive_1
"it is good,but some times i can not get which i wants,like milk ,bread etc.it available after two days or",milk,Negative_0
third thing is enabling more editing on the text like using toggle and numbered list and changing font size and others at the same moment.,editing,Negative_0
is it possible to create a keyboard shortcut for locking/unlocking a page?,shortcut,Positive_1
can you help me find more public knowledge bases and support sites made with @notionhq?,Support,Positive_1
food quality and price,Food quality,Negative_0
almost perfect in organising and sharing notes.,sharing notes.,Negative_0
"yes, you can add sound effect sfx from left panel and add it as a background music, you can also upload your own sound effects and add it",music,Positive_1
"absolutely love this app, however it is uses on mobile are limited compared to a full desktop experience (which i usually use).","app,",Negative_0
i want to [ toggle + todo + number list ] all in one control unit.,list,Positive_1
"next question: in the business plan, wht does it mean: istock clips","business plan,",Positive_1
products and timely delivery,delivery,Negative_0
"If you start a subscription through the AppStore, I assume that one can also cancel it in the app store, but if you start a subscription from the web app it is difficult to stop it on mobile.",subscription,Negative_0
I will mention the reset app and clear local data to some desktop users.,Data,Positive_1
"notion has it all, I have my tasks lists, sprint planning, shared lists, docs, general notes, all in one place.","general notes,",Positive_1
the error might be because of the limit which invideo has to upload videos on youtube,youtube,Negative_0
"but according to my plan, i have 10gb of storage.",plan,Negative_0
"for the last scene of the project i want to add the badges or logos of various media like youtube, fb, spotify, apple podcast etc.",media,Positive_1
i even switched my keyboard from qwertz german to qwerty english uk for notion and davinci resolve,English,Negative_0
Best soft for remote team management,remote team,Positive_1
this is the most productive and usefull app on the appstore please please please change the icon of the app and create a new one,app,Positive_1
"i love the app in pc works very well, but the recent update in mobile app make it way too",app,Negative_0
"in a database where i have multiple views enabled, sometimes the app just refuses to load a particular view or do anything in that view.",views,Negative_0
the mere act of opening the @notionhq tab makes me feel like a productive person.,opening,Negative_0
i have shared it to web now and added the link here:,web,Positive_1
why the members who regularly buy milk has to pay service charge.,service charge.,Negative_0
best feature rich productivity app ever.,app,Negative_0
